ID,Sex,Age,HH_Size,Kids,Education,Health,Satisfaction,Income
27495,F,38,3,1,15,2,8,53623.96
17316,M,47,4,2,15,2,7,40568.66
18367,F,24,2,0,14.5,2,8,28104.24
22245,M,50,4,1,11,4,8,45798.92
14975,M,62,2,0,11.5,3,8,55300.57
15657,M,47,1,0,14.5,2,7,83278.55
4493,F,56,3,0,11.5,2,8,59557.26
21591,F,62,2,0,12,3,8,32260.59
29821,F,37,2,0,18,1,8,61918.43
25746,M,54,1,0,10.5,3,6,50852.54
9750,F,62,2,0,12,4,7,42194.85
6146,F,36,2,1,11,1,8,38157.16
22719,M,56,3,0,12,3,7,7116.52
358,M,55,3,0,11.5,2,7,40013.08
9728,M,39,3,1,9,2,8,57577.68
25151,M,46,1,0,11.5,4,4,34496.86
6912,F,40,4,0,18,2,8,61122.46
9600,F,57,1,0,15,2,8,41607.06
8751,M,55,2,0,10.5,2,6,35901.97
14895,F,55,2,0,16,2,9,57972.83
18972,F,30,2,0,15,3,8,46751.39
677,M,50,1,0,18,3,7,38312.48
9073,M,63,2,0,11.5,3,9,67610.2
16164,M,28,1,0,14.5,3,6,39818.28
3962,M,62,2,0,12,3,5,28150.41
7144,F,31,2,0,18,2,6,73322.27
23142,F,34,3,1,12,4,5,32352.12
28523,M,60,2,0,12,2,7,61217.81
6362,F,30,2,0,11.5,1,8,55745.12
2043,M,44,4,2,18,2,9,72587.78
8681,M,57,3,0,16,3,7,76812.53
27607,F,61,4,0,12,3,8,40656.6
14176,M,45,4,2,15,3,8,55888.78
15578,M,28,1,0,15,3,7,32058.21
16562,M,37,3,1,18,1,9,132879.47
28740,M,61,3,0,12,2,6,43885.95
1296,M,48,2,0,11.5,3,5,55320.71
5307,M,54,2,0,15,1,8,84270.62
6874,M,62,2,0,11.5,3,6,22028.12
10179,F,30,2,0,18,2,8,55860.87
26544,M,61,2,0,11.5,4,5,66905.39
13101,F,52,5,0,12,1,8,49297.24
1623,F,49,2,1,10,2,8,31311.05
12617,M,58,1,0,14,3,8,85158.63
15258,M,51,4,2,15,2,7,66354.97
19265,F,36,4,2,12,3,6,37934.01
25218,M,55,3,1,18,2,7,78320.94
1670,M,53,5,2,11.5,4,5,26421.87
21272,M,64,2,0,16,3,6,94875.92
6032,M,51,2,0,10.5,2,9,77817.9
21540,M,58,3,0,10.5,3,8,37971.12
17215,M,58,2,0,10.5,3,6,34570.07
30485,M,52,1,0,13.5,2,8,91047.14
22127,M,62,2,0,9,2,9,23591.38
24639,F,40,2,0,15,4,8,33629.78
7693,M,58,2,0,11,3,8,18497.41
23452,F,58,2,0,11.5,3,8,41488.62
12899,M,63,1,0,10.5,3,5,36599.15
16094,F,39,1,0,18,2,8,47239.94
500,F,62,1,0,10.5,3,8,17962.59
6607,M,35,1,0,10.5,1,9,25201.61
12603,M,51,2,0,14.5,3,7,56580.21
14396,M,59,2,0,11,3,8,65850.02
2952,M,32,2,0,18,2,8,31878.5
19803,F,40,2,0,11.5,2,8,19692.46
138,M,35,3,0,11.5,2,7,80665.66
28079,M,48,1,0,11.5,1,8,38302.17
20313,M,50,3,0,18,2,7,44493.12
10234,M,50,2,1,16,3,8,36149.02
19220,M,38,4,0,13.5,3,6,32680.34
9545,M,58,2,0,14.5,2,8,62124.59
26978,F,51,1,0,10.5,2,7,37845.36
22002,F,62,2,0,11.5,3,8,20975.32
21454,F,60,2,0,16,2,9,80521.92
23643,F,55,1,0,12,3,8,60517.57
717,F,50,2,0,10.5,3,8,37965.73
7405,F,54,2,0,18,3,7,50187.32
23625,M,57,2,0,10.5,2,8,33179.12
31167,M,36,1,0,10.5,3,8,7309.93
16294,F,43,1,0,14,4,6,16793.14
5071,M,28,2,0,11.5,1,10,35608.06
21361,F,43,3,0,10.5,2,10,33501.79
19935,M,48,4,0,11.5,1,9,36093.39
1172,M,61,2,0,9,1,9,44632.89
13218,M,52,1,0,10.5,3,7,55086.7
11390,F,20,5,1,11.5,2,8,28824.63
10136,M,56,2,0,18,2,7,77351.94
10990,F,54,4,0,11.5,2,8,34777.79
26013,F,50,3,1,15,3,7,60615.61
7846,F,47,1,0,11.5,2,8,20885.72
10600,M,47,5,3,10.5,3,10,73114.02
29943,M,32,3,0,9,2,6,18540.71
24029,M,50,2,0,10.5,3,5,34060.41
28098,M,27,5,0,14.5,1,9,31790.31
20759,M,45,3,1,10.5,3,6,32742.44
29,F,51,3,0,10.5,2,8,26603.75
21295,F,51,1,0,10.5,3,10,27114.56
18578,M,54,4,0,11,3,7,47371.2
21533,M,56,3,0,10.5,2,9,50413.09
30668,M,52,2,0,10.5,3,8,28164.23
15002,F,28,2,0,11.5,1,10,17718.24
9889,M,32,2,0,13.5,1,9,55300.39
10869,M,30,2,0,11.5,2,8,36294.15
8797,M,55,2,0,15,4,5,65736.66
14364,M,27,4,0,13.5,3,7,14406.39
1931,F,53,1,0,10.5,3,7,33860.37
19168,M,52,2,0,10.5,2,8,29454.01
31025,F,51,2,0,10.5,3,9,30971.84
889,F,51,3,0,11.5,2,8,38008.08
4062,M,59,4,2,13.5,3,7,67343.23
3705,M,54,2,0,12,3,8,59231.25
20212,M,25,1,0,12,2,9,37132.47
29519,F,27,1,0,11.5,2,7,26678.05
6278,F,22,2,0,11.5,1,8,25638.27
22717,F,58,2,0,11,2,8,25041.87
16301,M,27,4,0,10.5,2,8,34870.4
17518,M,21,4,0,10.5,2,8,950.3
27387,F,52,4,0,15,2,8,39550.59
9211,M,24,4,1,13.5,1,9,21237.51
8752,M,54,4,1,12,2,9,73032.34
18587,F,54,2,0,12,2,7,42555.01
22149,M,55,4,1,14.5,2,7,61114.28
18774,M,53,2,0,11,3,8,38164.33
2581,M,49,3,1,17,3,7,27805.82
13037,F,42,2,0,14,5,2,42334.44
4862,M,50,3,0,11.5,1,9,67065.78
1167,M,49,3,0,10.5,3,7,22523.43
3130,M,52,1,0,10.5,2,8,43164.82
7654,F,22,5,1,10.5,1,7,15851.69
9433,M,53,1,0,10.5,3,7,26410.38
22274,F,43,4,1,14,3,8,37226.72
11282,M,42,3,0,11.5,3,3,43646.03
5552,F,51,1,0,14,4,7,39595.12
12552,M,47,1,0,11.5,2,9,36317.57
3367,M,43,2,0,12,2,7,36883.97
12625,F,42,2,0,17,2,5,35257.6
13225,M,44,2,0,18,1,9,84752.66
17992,F,50,2,0,15,1,9,51930.67
7095,F,42,4,2,18,2,8,87520.69
19517,M,53,4,2,15,2,8,62428.48
23819,F,54,1,0,15,4,5,45299.62
25666,F,50,2,0,14.5,4,3,48374.38
24143,M,42,5,2,13,1,6,146529.59
5185,M,58,2,0,11.5,2,9,41906.55
1823,M,38,2,0,18,1,8,48604.48
5808,M,37,5,3,16,3,8,49740.06
19357,M,36,7,5,11.5,3,7,915.52
15718,M,62,1,0,14,2,8,47819.51
16606,M,61,3,0,11.5,2,9,33927.27
2845,M,42,4,2,14.5,3,6,41767.71
8893,M,31,2,0,18,1,7,35958.72
17055,M,54,3,1,18,2,8,26210.43
29046,M,51,2,0,16,4,8,59804.87
31725,F,49,2,0,18,2,8,70108.05
262,M,30,2,0,15,2,9,44357.04
5914,M,30,3,1,10.5,3,8,56739.88
4006,M,29,2,0,15,2,8,33371.01
3270,M,35,2,0,15,2,7,41460.43
29375,M,32,2,0,18,1,9,47841.01
4263,F,30,2,0,18,2,8,44487.5
9091,M,36,3,1,12,3,8,25836.27
14613,M,31,2,0,11.5,2,8,44420.62
16636,M,33,4,2,12,2,9,27289.7
27418,M,32,2,0,18,1,9,65803.73
14001,M,34,2,0,15,3,7,60523.16
29920,M,34,3,1,10.5,2,7,24023.35
1268,F,29,1,0,14.5,2,8,54370.79
9336,F,29,3,1,18,3,7,9747.4
22961,F,25,2,0,12,1,9,38298.69
29131,F,28,2,0,15,2,8,42641.77
2452,M,33,4,2,13,2,8,30112.75
12983,M,43,3,1,17,2,8,56758.24
106,M,57,3,0,11.5,3,5,8503.37
27125,M,53,2,0,10.5,2,9,69004.26
30852,M,30,2,0,11.5,3,9,51943.52
27206,M,61,3,0,15,2,9,29937
29705,F,24,2,0,10.5,1,10,8702.59
26112,M,36,2,0,10.5,2,8,37063.3
25701,F,33,2,0,18,2,8,45049.35
31157,F,27,2,0,18,2,8,48861.96
23507,M,29,2,0,16,2,8,9662.79
6736,F,27,1,0,12,2,8,36317.18
21759,F,24,2,0,13.5,1,8,30857.65
28022,M,31,2,0,17,2,8,42298.28
30878,F,25,2,0,13.5,2,9,36774.81
13392,M,28,3,1,10.5,3,5,24816.02
21431,M,27,2,0,10.5,2,7,25867.26
9064,M,34,2,0,10.5,3,8,38115.84
23962,F,45,1,0,18,2,8,32650.88
732,F,44,1,0,11.5,2,7,40605.95
1083,M,57,1,0,12,3,8,55984.17
10829,M,35,1,0,14,2,7,54325.23
1451,M,42,2,0,13,4,5,63376.68
25306,M,46,2,0,13,2,7,107815.99
8774,F,56,3,0,18,3,6,38505.43
814,M,64,3,0,11,5,6,57589.71
11235,F,54,1,0,11.5,4,9,60270.18
28439,F,36,3,0,12,2,9,29429.23
25951,F,53,3,0,12,3,9,28389.26
27053,M,53,2,0,18,5,2,44796.21
27664,M,53,3,0,16,2,8,71978.02
27373,M,50,3,0,10.5,3,6,29899.09
24323,M,49,4,2,11.5,2,9,49976.69
20095,M,35,1,0,18,3,6,57008.16
24996,M,50,1,0,13,2,8,77323.13
5294,M,46,1,0,18,1,8,83129.89
15485,F,56,2,0,17,4,8,23809.63
18498,F,54,1,0,10.5,2,8,34931.66
19261,F,27,2,0,16,2,7,13928.47
4286,F,42,1,0,14.5,2,9,31414.28
12650,M,52,4,2,16,1,9,130951.62
1360,M,52,4,0,11.5,2,9,37974.55
17429,M,55,2,0,18,1,9,74640.02
15866,F,26,3,0,16,3,6,25657.27
23920,F,39,4,2,12,2,9,66734.74
8167,M,48,5,2,18,1,9,73423.15
27095,F,30,4,2,18,2,7,12942.34
27437,F,27,1,0,13,1,8,56656.96
108,M,58,3,0,10.5,3,9,39191.48
27151,M,57,3,0,10.5,3,9,31987.71
5763,F,47,2,0,18,3,8,100692.48
27995,F,65,2,0,13,2,9,44238.61
4427,M,53,3,0,10.5,3,6,38798.24
31553,M,42,4,2,18,2,8,30358.61
30107,M,52,4,0,18,4,7,72847.58
29961,F,53,1,0,15,2,6,34086.08
19550,M,58,4,0,18,2,8,114396.47
14571,M,56,4,0,16,4,5,72482.87
23222,M,49,3,1,7,3,10,14775.91
29429,M,52,3,0,15,3,7,28629.73
25593,F,59,3,0,16,3,6,18689.55
22187,M,30,3,1,9,2,9,55293.63
25641,M,56,4,0,10.5,2,8,50800.89
6581,F,44,3,1,12,2,8,55759.3
18437,M,39,5,3,13,3,7,59924.34
27994,F,42,4,1,12,3,8,27316.37
24940,F,22,2,0,18,2,8,3456.9
22670,M,57,1,0,15,1,10,45894.36
23147,M,58,3,0,13.5,3,6,43856.09
18468,M,34,4,2,18,1,8,78779.28
17054,M,37,3,1,10,3,8,34566.54
24970,F,51,2,0,17,3,8,55814.94
21483,M,60,2,0,16,4,8,62742.7
27400,F,28,2,0,14.5,2,7,25074.63
9324,M,53,3,0,10.5,3,7,36002.91
20242,M,60,2,0,12,3,7,51257.22
8034,M,54,5,0,11,2,8,94457.55
21208,F,52,2,0,16,3,9,52255.03
1152,M,35,1,0,9,2,8,40701.94
5907,M,57,2,0,10.5,3,6,32853.88
29314,F,61,2,0,11.5,3,8,38280
25555,M,58,4,0,18,2,7,64503.87
9541,F,20,1,0,12,3,8,4584.68
21934,M,47,3,0,11.5,2,7,47403.01
18403,M,40,2,0,13,2,9,15256.11
29143,M,60,1,0,10.5,3,7,40297.22
4613,F,47,3,0,18,3,8,7316.12
25215,F,37,1,0,18,1,7,51701.67
6622,F,56,2,0,12,2,8,43576.05
10660,M,29,2,0,18,1,8,64778.99
23894,M,59,1,0,10.5,4,7,39795.34
25142,M,35,1,0,14.5,4,7,33299.3
21901,F,53,1,0,11.5,3,5,43633.82
7014,M,56,3,1,10.5,2,9,45053.23
12673,F,58,3,0,16,2,8,48871.34
22938,M,54,1,0,10.5,2,8,47914.39
25535,M,47,1,0,14,2,8,40051.64
16079,M,41,1,0,11,3,7,45650.24
6044,M,31,2,0,12,3,7,43757.36
1943,F,27,2,0,11.5,2,10,45650.55
18581,M,33,2,0,12,2,7,70073.26
17471,M,49,2,0,10.5,4,9,42365.19
352,F,45,5,2,14.5,1,10,30367.44
5282,F,59,1,0,10.5,3,8,21323.54
24507,F,33,3,1,18,2,7,46055.44
25412,M,61,2,0,10.5,4,8,39715.21
10890,M,38,3,0,10.5,2,8,39234.06
23910,F,44,3,0,12,3,6,30484.88
16123,F,49,3,0,10.5,4,7,6958.84
17118,F,51,4,0,14.5,2,8,41118.62
218,M,53,3,0,12,2,7,48517.05
11423,F,55,1,0,16,2,8,43205.93
6357,M,56,3,1,17,2,7,69181.52
27724,M,33,1,0,10.5,2,5,37328.51
12891,M,45,3,1,11.5,2,9,51017.18
10719,M,60,3,0,10.5,2,8,35649.79
7972,M,50,3,0,10.5,2,6,31235.93
8707,M,30,2,0,11.5,3,7,15405.52
6742,M,26,2,0,18,2,9,34211.15
9636,F,56,2,0,16,3,8,53490.02
2831,F,53,2,0,10.5,2,9,17716.73
12041,F,34,5,3,10,3,4,3412.67
14689,F,59,2,0,11.5,3,9,46182.95
23912,M,56,2,0,18,2,8,60455.38
13083,M,57,2,0,12,3,6,52168.21
12466,F,51,2,0,11.5,1,10,24200.78
15238,M,37,5,3,15,2,7,38732.19
30999,M,57,2,0,10.5,3,4,19938.28
15198,M,62,2,0,12,3,7,19864.46
16588,M,61,1,0,11.5,3,8,21896.51
10083,M,59,3,0,18,4,8,59617.39
3947,F,55,3,0,18,4,7,55922.71
5986,M,52,3,0,10.5,2,9,33616.64
21493,M,60,2,0,11.5,3,7,24693.62
20714,M,47,1,0,11.5,2,7,17566.15
26460,F,23,2,0,14,2,8,21575.02
12784,M,38,2,0,11.5,2,7,49855.46
2658,M,61,2,0,11.5,3,8,27865.42
15534,F,58,2,0,18,2,8,67893.55
25689,F,53,2,0,13,2,8,30442.17
13382,F,44,3,1,14.5,3,7,21196.31
11657,F,51,2,0,11.5,3,9,39890.16
18252,F,40,1,0,15,2,7,43086.75
2113,M,61,2,0,12,2,8,56895.59
3404,M,40,1,0,18,3,7,53678.02
18308,F,40,4,2,18,2,7,43841.87
17688,F,60,2,0,18,2,8,25909.96
2404,M,33,1,0,10.5,2,5,20086.92
17283,M,60,2,0,15,2,8,45869.33
2663,M,41,5,3,11.5,3,7,18967.83
18372,M,29,4,0,16,1,9,9676.36
31096,M,55,1,0,11.5,1,7,38873.69
28879,M,60,3,0,14,2,9,81190.53
8690,F,60,1,0,18,1,8,47964.34
16160,M,27,4,0,16,3,6,35934.64
1993,M,43,4,2,15,2,8,59880.85
30208,F,53,3,0,16,1,9,66073.84
29338,F,55,2,0,10.5,4,8,17287.24
20332,M,59,2,0,10.5,3,8,22511.01
863,F,37,1,0,17,4,8,57529.18
7971,F,60,3,0,16,3,8,52619.77
28857,M,31,4,2,16,1,8,60537.4
10012,F,59,2,0,9,4,5,15199.36
24558,M,65,3,0,18,2,9,68535.09
25403,M,51,2,0,12,4,6,46885.31
8170,M,48,4,0,10.5,4,8,57702.66
15230,M,49,4,1,18,2,9,72475.86
17684,F,55,2,0,16,3,9,35047.28
30711,M,45,4,2,18,2,7,61462.74
10228,M,52,4,1,14,2,9,72252.54
10270,F,29,2,0,9,2,6,28085.87
339,M,38,1,0,11.5,2,8,48782.79
27117,F,26,2,0,14.5,2,7,28415.1
7246,F,55,2,0,14.5,3,7,35249.05
25571,M,32,2,0,11,2,8,27140.75
17730,M,55,1,0,12,5,4,37059.46
7793,M,53,1,0,10.5,4,5,48919.41
21487,M,56,2,0,11,2,7,39034.9
31171,M,48,5,3,16,3,7,102032.33
1201,M,58,3,0,16,2,6,59189.83
6546,F,56,3,0,14,2,8,56720.61
26878,F,53,4,2,12,1,9,48422.55
16882,M,42,4,2,13,2,9,65896.67
14555,M,56,2,0,11.5,2,9,36172.25
22724,F,24,3,0,10.5,2,7,15862.41
3109,F,21,4,0,11.5,3,8,23985.48
4579,M,51,4,0,11.5,2,9,47801.66
16379,M,65,2,0,18,3,9,97201.52
8296,M,36,4,2,10.5,2,7,35850.74
29537,M,63,2,0,11.5,3,7,22364.82
11839,M,60,3,1,18,4,8,60591.55
30790,F,33,4,2,18,4,7,4768.97
30540,M,55,2,0,12,1,9,74468.63
12688,M,23,3,0,10.5,2,8,9975.85
15304,F,53,1,0,18,3,5,61855.97
21187,F,61,1,0,13,4,7,35898.73
25671,M,61,2,0,10.5,3,8,27750.5
6293,M,53,4,2,11,3,8,53051.13
10628,M,39,1,0,11.5,4,7,42638.87
9047,M,38,4,2,18,2,9,48262.84
1740,M,43,4,2,12,1,9,80497.22
25506,M,37,4,2,18,2,8,40051.52
12111,M,42,4,2,14.5,3,7,32357.89
23550,M,44,4,2,18,2,8,46585.04
13667,M,45,5,3,10.5,2,8,21492.15
19217,M,40,2,0,17,1,9,63840.32
3468,M,32,5,3,12,3,9,35291.79
25692,F,29,2,0,11.5,2,5,21419.96
13828,M,47,4,1,11.5,3,5,5675.45
10642,M,60,2,0,11.5,4,2,48649.56
13681,F,57,1,0,11.5,3,5,39804.27
8626,F,61,1,0,18,2,8,52299.67
9080,M,40,4,2,18,3,7,36647.75
1612,M,38,2,0,15,2,8,36921.55
6678,M,44,5,2,12,3,8,27611.79
27226,M,62,2,0,13,2,7,22789.53
28727,M,44,4,2,16,2,8,91102.93
16656,M,62,3,0,12,3,6,40560.75
20465,F,38,3,0,11.5,3,5,24201.3
7574,M,42,1,0,18,1,9,57239.86
12251,M,56,3,1,11.5,2,7,28212.33
14398,M,52,2,0,11.5,3,9,20841.57
29905,M,20,2,0,11.5,2,9,8492.06
16685,F,46,1,0,12,3,7,32338.48
25814,F,40,3,1,11.5,2,8,39317.55
10087,F,63,2,0,13,3,4,39492.14
19872,F,50,2,1,11.5,3,7,29305.7
12553,F,49,1,0,12,3,6,38280.74
16175,F,61,2,0,13,4,7,33042.82
28420,M,30,4,2,11.5,3,7,35596.65
2218,M,39,4,2,11.5,2,8,17472.84
20352,F,31,4,2,18,2,8,44814.23
4926,M,56,1,0,18,2,7,64805.53
27283,F,55,3,1,16,3,9,55883.79
25496,F,57,2,0,13.5,4,7,33381.38
10073,F,59,2,0,11.5,4,7,22866.53
6167,F,56,3,0,13,2,8,57237.02
24447,F,32,2,0,15,2,7,71433.59
23204,M,56,2,0,10.5,3,6,33862.14
16214,F,42,4,1,12,3,7,36330.68
28860,F,37,1,0,18,3,6,38179.62
30222,M,61,2,0,18,2,8,51155.57
17865,M,56,2,0,12,3,4,35001.66
23126,M,30,5,3,10.5,3,3,37790.55
16225,M,44,4,2,14.5,3,7,84787.91
16169,M,53,2,0,11.5,3,5,22470.11
29335,F,32,1,0,11.5,2,8,25271.68
11177,F,57,2,0,11.5,2,7,24547.11
15792,F,57,1,0,18,1,8,38373.67
15553,F,32,1,0,10,2,8,12289.83
8180,M,48,4,1,12,2,8,25215.47
56,F,29,3,0,18,2,8,53014.58
1490,M,42,1,0,10.5,2,8,28004.22
5411,F,31,4,2,12,2,6,14134.12
19773,F,35,1,0,18,1,7,44580.37
5876,F,56,2,0,11.5,3,5,23001.72
29630,M,58,2,0,11.5,2,8,27578.76
9267,F,59,2,0,13,2,8,50756.5
21215,F,55,1,0,13,4,5,51892.91
20909,M,62,2,0,12,4,6,15927.91
9386,F,61,1,0,12,3,8,45872.39
5181,F,55,2,0,18,4,3,61858.54
10115,F,30,2,0,15,3,8,21516.66
8695,F,48,5,1,15,2,8,31256.59
30783,F,50,2,0,12,2,8,32837.76
9774,F,47,1,0,12,3,6,20095.57
13877,F,47,3,1,18,2,5,69437.73
13211,M,49,2,0,11.5,2,4,6210.11
20221,F,40,3,1,12,2,8,12632.13
8608,F,36,4,2,12,3,1,28922.43
4672,M,45,3,1,11.5,3,7,24958.6
27336,F,54,2,0,11.5,2,9,35701.46
7213,M,45,4,1,15,2,8,43769.39
14131,F,43,4,1,15,2,8,31081.97
3609,M,57,2,0,11.5,2,8,34824.68
29926,F,47,4,2,15,3,6,45500.34
20964,M,49,5,3,12,4,4,59421.96
937,M,56,1,0,12,3,7,46487.18
20349,F,56,2,0,12,4,5,35749.93
22268,M,52,4,0,11.5,2,9,39621.23
11422,F,52,1,0,15,2,7,48367.54
20894,M,57,2,0,13,4,6,39764.39
4280,M,58,2,0,12,2,8,56019.46
15428,M,51,4,2,11,2,8,44469.55
14598,M,50,6,1,10.5,4,3,35346.13
14826,M,55,2,0,12,3,8,45108.41
20653,F,49,3,1,11.5,2,7,39880.57
16847,M,57,2,0,10.5,2,9,45757.05
5531,M,41,5,3,14.5,2,7,48402.06
18725,M,61,2,0,12,3,8,31296
27486,F,49,2,0,10.5,3,5,31841.82
10312,M,49,2,0,14,1,7,88326.88
29020,F,45,2,0,18,2,8,68213.48
6271,M,42,1,0,14.5,2,9,27836.84
14013,M,59,2,0,10.5,2,9,40361.57
28320,M,56,2,0,15,2,2,56727.89
23281,F,58,1,0,12,3,9,52840.04
16052,M,54,2,0,15,4,8,67125.48
8302,M,29,3,0,13,1,9,8116.79
21790,F,24,1,0,18,1,9,8371.83
27585,F,58,2,0,18,1,9,96268.73
8037,M,56,2,0,16,2,7,81639.78
15834,M,64,2,0,18,4,8,87101.01
7183,F,53,2,0,13,1,9,37572.26
14655,F,63,2,0,18,2,8,45612.62
2539,M,61,1,0,18,3,9,84292.08
18080,F,49,2,0,13.5,2,9,37439.13
26087,M,61,2,0,18,3,8,95877.82
31651,F,50,2,0,13,2,9,71169.2
30634,F,61,2,0,9,4,4,31441.24
1398,F,30,1,0,17,2,8,35944.94
31291,M,63,2,0,18,3,8,105625.87
13212,M,61,2,0,18,2,8,58924.51
23303,M,48,2,0,11.5,3,6,30362.92
9655,M,25,3,0,14.5,3,7,28494.84
6651,F,57,2,0,18,1,8,56975.66
9716,M,35,2,0,18,3,6,28697.37
13901,M,55,3,0,15,2,8,90534.45
19735,F,61,2,0,18,3,8,66918.7
19420,M,55,4,1,18,1,10,127174.32
21339,M,64,2,0,18,4,5,65705.52
8109,M,55,2,0,15,2,8,96078.51
4088,M,37,2,0,18,2,9,46399.28
20738,F,55,2,0,18,3,9,108935.91
12316,M,53,1,0,15,3,8,86405.48
11584,M,61,2,0,18,3,7,76322.96
21607,M,38,4,2,13,3,8,34790.23
13437,M,62,3,0,18,3,8,84879.54
12190,F,36,4,2,18,2,8,21797.72
29185,F,35,2,0,18,2,8,40629.66
2897,M,60,3,1,18,4,8,94982.55
10860,M,46,4,2,12,2,8,69350.96
25025,F,53,2,0,13.5,2,9,119835.16
2969,F,59,2,0,12,1,10,92286.48
10836,F,28,3,0,14.5,2,8,34432.1
20371,M,61,1,0,15,2,8,84501.23
12806,M,38,3,1,18,2,9,47391.36
28938,F,32,2,0,18,2,7,57127.11
5683,F,37,3,2,18,2,7,21034.63
21037,F,20,1,0,11.5,4,3,12927.44
16168,M,55,1,0,9,3,8,26193.61
18660,M,57,6,4,18,2,9,160199.09
12999,M,21,1,0,11.5,2,5,25207.37
24264,M,49,4,2,15,3,7,56244.45
4325,F,27,1,0,11.5,2,8,21972.39
9005,M,22,4,0,9,3,5,27745.58
10623,M,49,5,2,12,3,5,43608.64
31041,M,59,5,1,18,2,9,65596.01
4003,F,21,3,0,10.5,2,7,22863.67
28349,F,58,2,0,11.5,5,7,23137.42
26138,M,45,4,2,10.5,2,9,37523.75
21019,F,48,2,0,14.5,3,5,24269.58
325,M,53,3,1,9,2,8,37924.41
24074,M,58,2,0,11.5,2,9,20461.57
9426,M,48,3,1,11.5,3,8,22626.3
12719,F,47,1,0,14.5,3,7,53392.48
19158,M,61,10,6,14.5,4,9,12898.7
21073,F,55,1,0,16,3,7,70145.65
12857,F,47,4,2,15,3,7,55004.95
23513,F,42,3,0,10.5,3,5,29840.3
7114,M,63,2,0,18,3,6,34390.79
10205,F,61,1,0,12,1,9,40709.77
8673,M,65,3,1,12,2,9,25008.43
136,M,51,5,1,18,2,10,91888.46
4463,F,59,3,0,10.5,2,9,25137.03
19059,M,43,7,5,11.5,2,8,31133.37
20479,F,43,2,1,14,1,8,19882.38
15558,M,61,3,0,10.5,4,7,42425.5
14172,M,44,3,1,10.5,4,5,28282.12
26261,M,56,5,3,16,3,7,64866.11
29709,F,24,2,0,14.5,4,6,10193.14
27050,M,41,5,3,10.5,2,8,36725.56
15015,F,47,4,1,11.5,3,6,15762.98
2812,M,54,4,0,10.5,3,8,35678.34
21708,M,49,2,0,10.5,3,7,17216.58
18762,F,34,5,3,11,3,8,28504.05
12477,F,45,6,3,11.5,2,9,21162.28
20052,F,41,3,1,12,2,8,34247.91
9344,M,50,4,2,13,2,8,85045.36
2860,M,45,4,1,11.5,2,8,34979.55
7457,M,37,5,3,10.5,3,7,29937.68
13034,F,49,5,1,12,2,10,29757.17
25832,F,48,2,1,14.5,2,8,26334.04
609,F,54,2,0,15,3,9,58297.89
26463,M,41,4,2,12,3,7,28120.21
9128,F,52,3,0,10.5,2,8,34852.96
19164,F,20,3,0,10,3,4,12687.36
30345,M,25,2,0,10,2,7,25522.09
4452,F,52,1,0,16,2,8,31158.34
15873,M,58,2,0,11.5,3,7,28127.73
21445,M,53,5,3,11.5,3,8,30247.74
22572,F,48,2,0,18,2,8,48100.45
3221,F,55,2,0,13.5,4,6,32519.25
23728,M,59,2,0,15,3,7,44362.59
22586,M,54,4,2,14.5,2,9,22400.39
15507,F,50,5,1,18,3,7,73609.36
27955,M,45,5,3,18,3,8,71154.95
30436,M,43,8,6,13,2,10,80550.02
13684,M,57,3,0,18,2,7,53710
3850,M,56,5,1,16,2,8,55091.19
20948,F,51,5,0,14.5,5,2,34904.64
15072,M,52,5,1,18,2,8,115054.29
10132,M,53,4,2,13,4,5,59050.7
17792,M,57,7,2,18,2,6,83403.56
18444,F,51,4,0,16,2,8,47744.32
1297,F,20,3,0,11.5,1,10,27752.16
22388,M,59,4,1,18,1,8,66960.34
27123,M,47,4,2,11.5,3,8,24404.33
12575,M,21,3,0,10,2,7,6155.83
22942,M,48,3,1,11.5,2,7,39558.57
18009,F,44,2,1,12,2,9,31944.41
11307,M,56,3,0,18,3,9,2103.59
7938,M,47,2,1,11.5,2,9,19420.4
9554,F,49,2,0,10.5,2,8,24449.28
20505,M,47,5,2,12,2,8,34125.1
15248,M,45,2,0,11.5,2,8,25297.53
9937,M,57,7,4,15,3,8,37438.35
29674,F,20,7,1,11.5,3,8,4800.67
17389,F,42,1,0,11.5,4,5,19061.14
4346,M,23,4,1,13,2,5,16180.71
18421,F,43,3,2,11.5,1,10,17384.43
5205,M,26,4,0,12,4,7,35246.45
25988,M,44,6,3,9,2,8,44136.35
7200,M,48,4,1,11.5,3,8,22051.07
26409,M,53,3,0,11.5,3,7,35049.18
23785,F,31,1,0,18,2,8,48423.17
11777,M,54,6,4,18,3,6,86608.81
7977,M,23,2,0,11.5,3,8,19171.03
1671,F,39,3,1,11.5,1,8,8211.29
31452,F,59,1,0,7,2,6,6995.81
28412,F,62,2,0,13.5,3,8,13037.74
18454,M,59,1,0,12,2,7,33109.97
30330,F,51,2,0,15,1,10,21015.2
4212,F,50,2,0,11.5,3,7,22977.51
10403,F,41,3,2,12,2,9,46927.07
29036,F,46,2,1,11.5,3,7,31231.27
20896,F,25,2,0,14.5,1,9,39054.71
7599,F,48,2,1,11.5,4,6,33108.34
912,F,55,2,0,11.5,3,7,6318.37
10827,M,18,2,0,10,2,8,3992.53
4455,F,56,2,1,10,2,7,21373.12
16099,F,52,3,0,11.5,4,7,29347.56
10307,F,41,4,2,11.5,2,8,11325.99
20323,F,46,3,1,11.5,4,7,27646.78
24309,M,51,3,1,11.5,3,9,26672.64
26619,F,49,2,1,11.5,3,7,18051.12
5646,F,39,2,1,11.5,3,7,24318.32
15438,F,53,1,0,18,5,3,17793.27
14305,M,61,2,0,11.5,2,8,17352.55
16002,F,57,3,0,14,3,4,38761.8
6957,M,24,1,0,11.5,3,3,38742.11
30513,M,56,4,0,10.5,3,8,40073.43
20152,F,54,2,0,18,2,9,25418.54
24749,F,46,3,1,10,3,8,17984.09
5814,F,55,2,0,11.5,2,7,16550.32
20716,M,21,2,0,11.5,2,8,33217.68
3582,F,47,4,2,11.5,3,8,30647.74
5940,F,48,2,0,13,2,8,39165.8
23607,F,53,3,1,12,3,8,49036.14
4441,M,43,7,5,11.5,2,8,56276
16306,M,54,5,1,15,3,7,72343.89
21984,M,52,5,3,15,2,9,70046.8
18704,F,49,1,0,18,2,9,40079.65
20592,F,51,2,0,12,3,8,36222.24
21884,F,50,2,1,10.5,2,7,20408.42
11024,M,46,3,1,16,1,9,74089.98
17540,M,51,3,1,9,2,10,46598.05
26943,M,22,2,0,11.5,3,8,30432.4
19340,M,46,1,0,15,2,8,61762.05
14104,F,51,2,1,13.5,4,6,35437.81
4326,F,55,1,0,11.5,4,5,39668.12
23996,F,57,1,0,11.5,2,7,47335.05
15822,M,50,3,0,9,4,6,52082.11
12270,M,31,3,1,9,2,9,31466.93
30928,M,57,2,0,11.5,2,10,71345.92
28225,M,51,3,1,11.5,3,4,47610.88
7491,M,42,2,0,11.5,4,5,25614.23
11746,M,50,5,2,13.5,4,8,68689.82
5596,M,54,5,1,18,2,7,76593.88
11763,M,52,3,0,9,2,10,33098.83
8599,M,50,5,1,13.5,4,3,26113.08
17815,M,55,5,1,18,1,9,71851.21
13977,M,47,5,3,16,2,7,128580.1
8874,M,47,2,0,11.5,5,6,25005.86
17269,M,46,6,3,10.5,2,9,37842.39
6905,M,59,4,1,18,1,9,99571.25
24017,M,55,5,2,15,3,7,72952.91
4833,F,43,3,1,9,3,7,13395.88
1251,M,53,3,0,15,2,8,74234.84
7769,M,55,5,2,11.5,2,8,55776.13
30917,F,45,4,3,12,2,9,27779.3
463,F,51,2,0,16,2,9,65484.65
20575,M,49,5,3,18,2,8,93266
8722,M,34,8,6,9,2,9,46971.45
214,M,44,5,2,11,1,9,68020.83
24505,M,22,4,1,16,2,8,29243.6
26405,M,60,5,1,13,2,8,50282.65
12427,M,22,6,1,13,1,9,9967.28
2622,F,40,3,1,15,4,8,28871.21
490,F,58,2,0,10.5,5,5,30264.54
24206,M,25,1,0,16,4,6,3412.3
9351,M,56,1,0,13,3,7,257886.2
31556,F,57,2,0,12,3,7,32070.98
2666,M,50,5,3,14,3,8,62531.37
21389,M,21,4,0,10,3,6,27528.67
15,M,60,5,1,11.5,2,8,40678.54
17930,M,51,5,2,18,2,8,37337.26
16070,M,51,1,0,18,2,9,72695.34
23063,M,24,2,0,15,2,9,36144.91
19885,M,52,5,2,10.5,4,5,32716.21
1791,M,52,5,1,11.5,3,8,40270.7
19767,M,24,1,0,10.5,2,7,25349.59
420,M,27,2,0,15,2,8,30978.78
8849,M,26,3,1,10.5,2,8,27413.08
27860,M,26,3,1,10.5,2,8,36396.7
16259,M,23,2,0,10.5,1,8,9596.62
8914,M,28,2,0,11.5,2,7,28459.76
8720,M,22,2,0,15,2,9,16876.58
19280,M,32,2,0,12,2,9,31384.98
30980,M,36,6,4,10.5,2,7,35616.78
23267,M,40,10,8,11.5,3,7,29852.3
2358,M,46,3,1,15,2,8,60422.25
30625,F,32,4,2,12,3,8,33864.01
29485,M,48,4,2,12,3,9,38945.03
3112,M,30,1,0,8.5,2,6,20921.74
21311,M,52,5,1,7,2,6,28289.83
19435,M,58,5,2,16,2,8,72294.06
25889,M,43,4,2,10.5,3,8,31137.49
30758,M,52,4,2,11,3,8,33946.07
18715,M,49,4,2,10.5,4,7,37966.69
26254,M,53,5,3,17,2,8,72762.46
31019,M,54,4,2,10.5,2,8,66592.37
16904,F,46,4,2,18,3,8,62995.68
3634,M,44,4,2,13,2,7,77392.88
5611,M,40,4,2,11.5,3,4,80060.64
29864,M,49,6,1,9,4,5,24829.36
14905,M,50,4,2,12,4,5,46678.55
2907,M,46,1,0,10.5,2,8,44996.68
11274,M,45,4,2,11.5,3,8,47818.04
27729,M,45,5,1,11,3,8,71979.83
3950,M,48,3,1,10.5,3,8,60049.7
17003,M,47,4,1,10.5,3,5,19246.96
12524,M,41,4,2,14.5,1,8,55893.14
7650,M,42,5,3,12,5,6,34637.24
12128,F,40,4,2,11.5,2,6,4709.81
20468,M,49,4,2,18,2,8,68769.5
6972,M,47,6,4,18,2,8,78883.9
28278,M,51,4,2,17,1,8,72644.93
4626,M,47,4,2,18,3,8,65350.57
26091,M,47,4,1,12,3,8,48925.98
25875,F,38,4,2,13.5,2,8,41491.1
23726,M,41,5,3,14.5,3,4,46543.74
23304,M,36,4,2,9,3,8,40450.05
27883,M,31,5,3,10.5,2,8,47595.02
31381,F,42,5,3,18,2,9,61123.21
17270,M,27,1,0,11.5,4,2,7305.4
3771,M,51,6,2,10.5,3,9,28781.97
6890,M,52,5,3,10.5,2,7,36961.97
18260,M,43,5,3,12,1,9,145656.42
16750,M,50,5,3,10.5,4,7,36541.9
8907,M,43,4,2,10.5,3,7,35013.93
29661,M,47,4,2,18,2,9,70716.38
10181,M,49,4,2,12,4,8,69743.98
6411,M,51,3,1,11.5,4,8,36563.77
5788,M,31,4,2,10.5,2,8,45598.02
18520,M,56,5,3,9,2,8,35247.52
22809,M,48,4,2,11.5,2,8,60312.75
10903,M,54,3,1,10.5,3,8,29121.91
3160,F,54,3,1,9,2,8,13899.78
17323,M,38,2,0,9,2,7,19363.81
21621,M,54,4,2,10.5,2,9,80804.19
21141,M,51,4,1,15,2,8,40520.51
7746,M,34,1,0,11.5,1,9,16254.28
24458,M,44,5,3,16,2,9,72313.95
13286,M,48,4,2,13,3,9,38631.21
20248,F,45,4,2,14,2,7,38078.62
25754,M,48,4,2,12,3,8,14226.87
28852,M,41,4,2,12,2,8,50918.79
18696,M,55,4,2,18,1,9,158368.75
30905,M,44,5,3,14,2,8,42686.07
2505,M,57,5,3,9,3,9,37355.97
3494,M,38,4,2,11.5,2,9,25695.46
27932,F,42,3,1,18,1,8,14490.87
31039,M,36,1,0,11,4,7,58827.67
2662,M,47,7,3,10.5,3,7,42574.57
12883,F,47,3,1,18,1,8,41595.01
19219,M,46,4,2,9,5,6,31771.43
12634,M,44,4,2,14.5,3,8,40005.01
24147,M,51,4,2,13,2,9,48322.73
11437,M,49,4,2,12,2,8,83682.07
8100,M,42,3,1,11.5,3,7,37475.84
11559,F,37,4,2,15,2,6,59961.25
22536,M,52,6,2,10.5,3,8,34082.63
29827,M,51,4,2,13,2,9,50463.71
15213,M,37,4,2,11.5,1,9,46103.36
23102,F,38,2,1,11.5,3,6,26084.82
7835,M,40,6,4,10.5,3,6,35051.44
18753,M,53,3,1,10.5,3,8,39383.97
29649,M,53,3,1,11.5,2,8,35040.37
21897,M,57,3,1,12,2,8,37592.74
2082,M,51,5,3,11.5,2,8,39749.09
13849,F,46,3,1,11.5,2,9,34977.6
18841,M,45,4,2,18,2,10,36354.39
30669,M,44,2,1,11.5,1,7,22772.33
3646,M,50,3,1,18,1,10,96184.71
25876,M,56,6,4,18,3,4,54499.68
17203,F,37,4,2,18,3,7,34004.1
5284,M,26,5,1,11.5,2,8,27062.54
31035,M,39,4,2,11.5,2,8,44421.94
28021,F,42,4,2,18,2,9,62363.59
22293,M,33,4,2,11.5,2,7,85245
16570,M,43,4,2,18,3,7,59927.38
664,M,43,4,2,11.5,1,9,50977.68
12198,M,44,4,2,11.5,3,8,20237.44
4771,M,23,1,0,10.5,5,4,14153.86
13144,M,42,6,4,11.5,5,8,33313.27
18917,M,53,4,2,13,2,9,51192.52
4652,M,53,5,3,16,2,8,82838.86
25443,F,42,4,2,12,2,10,21925.21
10182,F,47,4,2,11.5,2,10,31597.11
26039,M,42,4,2,11.5,4,8,48182.25
275,M,47,5,2,10.5,3,10,46860.05
6812,M,54,2,0,10.5,4,6,37896.32
6891,M,51,3,1,15,3,9,33618.75
29165,M,48,4,2,13,1,9,38806.27
17947,F,34,5,3,9,2,8,17446.72
29714,M,44,4,2,12,2,8,72115.28
28135,M,39,4,2,9,2,8,20712.19
27440,M,47,4,2,11.5,3,7,45563.83
31519,M,36,4,2,11.5,2,8,18176.69
2208,M,35,3,0,11.5,2,9,38250.73
25282,M,41,4,2,11.5,2,8,41293.26
1257,M,43,4,2,11.5,2,8,42644.84
14590,M,40,3,1,9,5,8,27725.17
24236,M,46,5,3,18,2,8,100592.85
1429,M,40,5,3,14.5,2,9,106867.19
24242,M,47,5,3,11,4,6,48043.66
30664,M,47,4,2,11.5,4,6,59298.51
27057,M,44,4,2,18,3,8,52773.65
22337,M,53,4,2,11.5,4,6,36187.31
7350,M,46,5,2,15,2,7,93194.03
20887,M,32,4,2,11,3,7,44396.58
14523,M,42,3,1,11.5,1,9,34503.09
27680,M,37,3,1,17,4,8,17205.94
21500,M,43,4,2,12,2,8,119638.49
28390,M,48,8,5,18,2,8,94926.97
22195,M,36,1,0,10,2,8,2322.27
10421,M,43,3,1,10.5,2,7,25123.99
10418,M,38,1,0,16,1,8,53317.43
4539,F,31,4,2,10.5,4,5,13901.04
30124,F,42,2,1,13.5,3,7,22597.89
6319,F,39,1,0,11.5,4,5,36696.38
21785,M,48,4,2,15,2,9,79816.98
1935,M,41,5,3,12,3,9,46328.32
20315,M,47,4,1,10,4,7,44634.81
24124,M,54,2,0,9,4,6,25741.98
4301,M,58,2,0,11.5,4,8,40272.47
29640,M,52,2,0,11.5,2,7,42154.36
13153,F,50,2,0,18,2,10,57910.11
19620,M,47,4,2,18,2,8,44820.69
25686,F,35,2,0,13,2,9,26024.58
16803,M,44,4,2,10.5,4,9,42837.63
18918,F,60,1,0,12,2,8,30485.16
17067,F,26,2,0,16,2,7,24608.9
30033,M,40,3,1,10.5,3,7,18882.1
7208,F,37,1,0,18,2,7,62136.38
8479,M,49,3,0,11.5,2,7,53935.1
5403,M,46,4,2,13.5,4,7,40494.58
4302,F,30,3,0,14,2,9,23404.11
2060,M,61,3,0,14.5,2,8,62323.07
18440,M,50,1,0,11.5,2,9,79086.7
21515,M,56,3,1,12,2,8,35344.46
861,M,47,2,0,10.5,2,7,97387.12
4568,M,33,2,0,11.5,2,7,55671.56
28075,F,56,3,0,13.5,4,8,23146.83
12744,M,60,1,0,18,2,7,69101.59
6807,M,58,4,1,18,4,8,85376.65
7382,M,25,1,0,13,2,5,12864.61
2705,M,40,2,0,18,3,7,95462.14
24524,F,53,1,0,14.5,3,7,32859.02
4695,M,62,2,0,10.5,3,7,25654.39
22748,M,29,3,1,10,2,6,28920.17
7186,M,39,5,3,18,1,9,82844.89
15032,M,50,2,0,11.5,2,8,66161.55
26419,F,59,3,0,10.5,3,8,15445.12
15849,M,63,2,0,18,3,7,83937.95
15492,F,54,2,0,11.5,3,6,22274.37
19472,M,25,1,0,11,3,8,18729.09
28414,M,46,5,2,10.5,2,9,34173.84
28383,M,54,3,0,10.5,2,8,32639.28
28201,M,52,3,0,18,2,9,95827.41
15092,M,54,2,0,15,2,8,78057.39
27315,M,49,4,2,18,2,8,62665.08
21166,M,61,2,0,18,2,10,104680.52
8338,M,41,3,1,10.5,3,8,29738.33
6837,M,32,1,0,16,2,7,45279.2
26424,M,55,1,0,10.5,2,8,32616.22
27909,F,54,1,0,14.5,2,9,42179.26
11745,F,48,4,1,12,4,7,11518.94
28041,F,54,1,0,15,2,8,73431.07
31218,M,34,7,3,10.5,3,9,28464.57
3786,M,31,2,0,15,2,9,36909.94
28494,F,62,2,0,11.5,2,10,60935.48
20487,M,53,3,0,11.5,3,6,18659.32
18624,M,50,3,0,11,2,8,52454.37
10010,M,63,1,0,11.5,2,6,83061.73
7975,M,30,2,0,18,1,9,50564.66
10722,M,55,4,0,10.5,3,9,60835.64
5615,F,62,1,0,9,3,9,24302.6
10471,M,54,2,0,12,1,9,44952.85
5267,F,48,1,0,11,3,5,24696.14
21084,M,48,4,1,10.5,3,7,33993.99
15184,M,32,4,2,18,2,8,41959.47
26914,F,64,3,0,11.5,2,8,48269.63
15160,F,46,3,1,16,3,8,46679.22
23082,M,33,3,1,18,2,7,41580.45
15591,M,54,4,2,18,1,9,64828.7
20427,M,58,6,0,18,2,9,109095.2
30463,M,58,2,0,10,3,7,32319.64
4820,M,59,2,0,10.5,3,8,39564.39
24816,F,53,2,0,10.5,1,10,33393.32
31488,M,57,3,0,11.5,1,8,47973.96
12868,F,24,2,0,11.5,2,8,34080.82
22971,M,57,1,0,10.5,4,5,31288.21
26167,F,60,1,0,13,3,5,32491.12
22458,M,64,2,0,16,2,10,30153.12
6760,M,33,3,1,10.5,2,8,44505.31
28037,F,33,1,0,10.5,4,5,37132.98
4147,F,47,4,0,9,3,9,8800.72
20624,F,61,1,0,10.5,2,3,26603.72
23021,M,42,5,3,9,4,9,26640.46
1279,M,32,4,2,12,2,6,46722.75
19093,M,60,2,0,18,1,9,68069.59
16777,F,63,2,0,12,2,7,15858.25
27471,M,56,2,0,18,3,9,64180.93
29658,F,49,3,1,11.5,3,7,20346.38
15880,M,56,2,0,9,2,8,19080.54
26435,M,32,1,0,11.5,2,6,11205.85
7067,M,50,5,2,13,4,7,65678.5
8570,M,59,2,0,13,2,8,52275.79
10422,F,52,3,0,11.5,3,8,25830.9
2686,M,25,2,0,14.5,1,8,37067.63
28514,F,45,4,2,18,2,9,71616
22174,F,33,2,1,11.5,3,9,16710.24
21745,F,60,2,1,11.5,3,5,26598.37
19039,M,30,1,0,15,2,7,34511.41
26337,M,37,4,2,11.5,2,9,32020.4
16338,F,44,2,0,12,3,10,19258.19
24709,F,38,3,2,12,3,8,22495.49
11729,F,53,1,0,14,3,8,49263.91
6014,M,61,2,0,18,4,7,66141.64
2412,M,38,4,2,11.5,3,7,26285.47
24386,M,48,5,3,12,2,9,39953.81
20461,F,42,5,3,15,2,8,37261.35
22953,F,29,2,0,18,2,7,46888.37
2220,M,43,1,0,11.5,2,7,27913.76
13858,F,31,2,0,12,3,9,35279.09
19997,M,46,3,1,12,3,7,21471.24
28361,F,37,3,1,15,3,8,43463.73
26327,M,28,2,0,11.5,4,8,33514.05
26380,F,49,1,0,10,3,5,35225.86
25280,M,27,4,2,12,2,8,25417.11
24744,M,54,3,1,11.5,2,7,35662.69
969,M,61,2,0,14.5,3,8,36359.97
1468,F,64,2,0,11.5,3,6,15008.35
27459,F,63,1,0,15,3,8,37645.95
8929,F,58,2,0,14.5,5,7,29841.28
2757,M,54,2,0,10.5,3,8,47557.82
25240,M,33,3,1,18,1,8,51860.6
19716,M,36,5,2,10,3,8,30813.94
21894,M,59,3,0,10.5,3,9,26009.74
19460,F,53,3,0,10.5,3,7,34198.85
15909,F,35,3,1,9,2,8,53974.03
26350,M,34,2,0,13.5,1,9,48259.26
27392,M,54,2,0,15,3,8,43703.5
30775,F,45,2,0,14.5,3,8,29577.58
14719,M,61,1,0,10.5,4,7,18171.2
5013,F,47,2,0,11.5,2,8,37279.81
14746,M,50,2,0,11.5,4,8,79887.6
4115,M,52,2,0,12,4,9,57734.14
30340,F,52,2,0,11.5,1,10,60876.41
20897,F,26,2,0,13,2,9,27875.87
16344,F,25,2,0,10,3,8,6050.81
30008,F,35,1,0,11.5,1,7,38601.22
18619,M,33,1,0,9,3,7,29819.16
27903,F,40,2,0,18,2,8,85440.1
4866,F,40,3,1,18,2,8,63637.02
20182,M,35,4,2,11.5,2,8,57767.19
6427,M,29,2,0,11.5,1,8,24310.27
5173,M,48,3,0,10.5,2,8,36568.64
26595,F,41,2,1,11.5,2,8,37109.57
5106,M,55,4,0,12,2,7,44246.06
18323,M,53,4,0,11.5,2,8,49600.4
31503,F,33,1,0,14,3,8,34721.02
8102,F,27,2,0,18,1,9,20555.72
1153,F,52,2,0,9,5,7,5000.06
632,M,47,6,2,14.5,2,7,20987.68
12576,F,57,3,0,18,4,7,67161.76
27438,F,57,3,0,11.5,2,10,36996.02
22445,F,36,3,1,10.5,2,8,34050.85
26018,M,38,3,1,9,3,8,22063.69
20405,M,59,2,0,12,4,8,71898.34
13766,F,45,3,0,12,2,7,15333.06
31410,M,62,2,0,18,1,9,59449.13
22926,F,37,2,0,18,2,9,43090.61
28005,M,28,5,3,10.5,3,7,23276.11
27534,M,56,4,0,9,3,9,65584.18
18649,M,32,2,0,18,2,8,47609.43
14192,M,61,2,0,12,3,8,49472.58
11168,F,55,2,0,15,2,8,51090.44
1716,M,54,1,0,11,3,7,30311.14
3321,M,44,2,0,18,3,8,180386.56
30220,M,23,3,1,9,4,7,6031.91
24168,M,43,3,0,11.5,4,7,25249.09
1090,F,45,1,0,11,2,9,37602.81
29450,M,50,3,1,10.5,3,5,42705.4
12975,M,47,4,2,18,1,9,71727.81
17,M,51,2,0,11.5,2,8,27383.27
15978,M,61,1,0,18,2,9,77076.84
29984,M,44,1,0,11,3,9,31790.98
10530,M,20,3,0,9,3,4,22298.59
16453,M,61,2,0,16,3,8,51590.43
26578,F,62,4,0,15,2,5,17102.06
929,M,62,3,0,10,3,6,34827.02
27025,F,55,1,0,13,2,9,47743.38
2669,F,52,2,0,18,2,8,69166.1
12749,F,59,2,0,13,2,8,38023.33
14623,F,51,1,0,12,4,2,17695.62
14284,M,60,2,0,11.5,2,8,21982.35
10855,F,62,2,0,18,2,8,59006.31
31023,M,57,2,0,11.5,3,7,23996.49
5264,M,35,6,4,18,2,9,35304
4915,M,60,2,0,10.5,4,9,18498.23
30615,M,60,2,0,11.5,3,5,33060.75
7431,F,37,3,0,18,2,8,57039.07
13897,M,61,2,0,11.5,2,10,42763.69
14953,F,49,4,1,16,2,9,49484.85
12787,F,49,1,0,18,4,7,45959.1
21588,M,51,4,2,12,3,8,21834.33
3039,M,53,1,0,10.5,3,8,39718.39
14774,F,30,3,1,12,2,8,2616.14
5333,M,61,9,4,10.5,1,10,29681.15
17729,F,21,9,4,12,2,9,8332.4
22044,M,38,2,0,12,2,7,59205.9
7879,F,37,2,0,12,3,7,42042.02
30763,F,28,2,0,11.5,3,8,34558.71
13917,F,45,2,0,10.5,2,7,33037.76
29662,F,32,2,1,14,3,9,70188.32
11396,M,54,4,2,18,2,8,30010.26
868,M,36,3,1,18,2,8,119124.82
31662,M,55,2,0,11.5,2,8,40498.41
7682,F,52,1,0,10.5,2,8,28468.04
25872,M,51,4,2,14,2,8,30482.72
14589,F,26,1,0,11.5,1,10,25393.96
26984,M,52,1,0,11,3,7,24797.71
25172,M,54,2,0,12,2,8,28618.61
24678,M,33,3,1,15,3,10,31613.99
30595,M,32,5,3,9,3,8,11457.96
11718,M,38,2,0,10.5,2,9,21917.01
5896,M,51,3,1,18,2,8,23499
12944,M,43,6,2,9,3,7,41112.37
24628,F,43,2,0,10.5,4,7,35966.05
17431,M,31,3,1,13,3,8,45779.73
17584,F,25,9,0,14,2,8,38222.88
27116,M,41,3,1,10.5,3,9,32810.83
20603,M,27,3,1,9,2,8,34404.89
23166,M,31,4,2,9,1,10,32096.87
513,M,54,3,0,14,2,9,38643.32
28889,M,55,2,0,10,2,8,21444.45
31520,M,64,2,0,10.5,3,10,42228.94
15119,M,52,5,2,12,2,7,40786.34
16063,M,39,6,4,7,2,9,36421.39
1793,F,37,4,2,14,3,3,11411.86
18028,F,57,2,0,12,2,8,34634.77
23870,M,53,5,1,7,2,7,44852.55
7558,M,43,4,2,10.5,3,9,12351.37
31501,F,30,4,0,11.5,2,7,26335.7
9834,M,44,3,1,9,2,7,25161.29
9345,M,47,4,0,10.5,3,8,65788.97
8619,M,51,2,0,10.5,2,9,28329.48
4166,M,57,3,1,10.5,3,7,22959.44
22303,M,65,2,0,12,5,5,1328.93
15643,M,60,3,0,10.5,3,5,24215.68
737,M,29,2,0,9,3,8,20673.95
14147,F,25,2,0,13.5,2,6,30313.21
2938,F,34,2,1,11,2,9,11363.88
31210,M,29,3,1,11.5,3,9,26210.63
24711,F,52,4,0,12,2,9,26124.8
14562,M,60,3,0,10.5,2,7,19539.31
3199,F,57,3,0,16,3,8,28048.75
13343,M,27,5,0,12,1,7,37165.72
22534,M,53,3,1,9,2,8,25400.75
25192,F,38,2,0,13.5,3,8,22194.37
9683,F,45,2,0,12,1,9,28360.4
16375,M,30,4,0,13.5,2,8,30040.65
1588,M,42,4,2,11.5,2,8,34091.62
3768,F,40,2,1,10.5,4,7,15944.54
21134,M,49,3,1,13.5,2,8,41646.14
9820,F,25,5,0,18,3,6,7787.4
22729,F,41,3,0,11.5,3,7,32897.29
28181,F,38,3,0,12,3,8,13057.49
28479,M,58,4,2,18,2,7,61297.86
22106,F,40,4,2,12,2,8,29665.93
8588,M,43,4,2,9,2,7,42066.84
19674,M,61,2,0,10.5,4,5,21246.45
10201,M,58,4,0,9,2,8,45907.64
28415,M,32,4,0,9,2,8,19625.08
11217,M,39,5,3,10.5,1,10,38681.77
30006,M,32,5,3,9,2,9,32567.36
23062,M,54,2,0,9,2,9,24400.72
9119,F,49,5,1,7,2,8,25687.44
12577,F,49,2,0,10.5,2,8,21684.06
30626,M,36,3,1,15,2,9,64916.62
31477,M,29,3,0,12,1,9,23325.29
16923,F,24,4,0,9,2,5,27379.35
27448,F,42,3,1,14,2,9,87753.59
20609,F,32,2,0,15,2,8,54809.31
23838,M,44,4,1,9,1,10,7147.05
9684,M,43,6,2,12,3,2,22600.41
7258,M,41,4,2,11.5,2,7,25866.22
29738,F,27,1,0,9,4,7,34012.11
26020,F,47,1,0,11.5,1,9,28358.91
17448,M,37,4,2,11,2,10,24248
15128,F,48,4,0,9,3,8,24821.62
8990,M,65,2,0,9,2,7,17155.35
8542,M,59,2,0,9,4,10,3311.66
8738,M,51,3,1,9,1,9,24821.99
28184,F,38,3,0,10.5,2,8,29551.8
12421,M,48,2,0,10.5,2,8,29512.84
17837,F,61,1,0,11.5,1,9,35544.8
31267,M,54,2,0,10.5,3,8,33266.1
18507,M,38,2,0,12,2,9,48120.17
481,F,52,1,0,9,2,7,20116.57
9370,M,62,2,0,10.5,3,5,43496.86
1295,M,42,4,2,12,2,8,59955.13
15530,F,50,5,3,12,3,7,40245.96
13056,F,31,3,1,16,1,10,41195.16
14699,M,29,2,0,13.5,3,8,44404.34
12068,M,45,4,2,9,1,9,30705.75
24001,F,48,4,2,12,3,8,79910.48
27643,M,46,6,3,9,2,5,18304.54
8641,M,33,6,4,10.5,3,7,52418.54
14160,M,44,4,2,12,2,8,83533.91
15971,F,44,3,1,12,2,5,27275.41
27580,M,43,4,2,14,2,9,66673.82
526,M,34,6,4,10.5,1,8,40876.6
25690,M,53,3,0,11,4,7,38730.51
18401,M,41,4,2,12,2,8,44474.06
655,F,37,4,2,12,1,9,13863.22
24088,M,39,3,0,9,2,10,41963.53
16735,F,30,2,0,13.5,2,9,42932.14
1826,M,28,4,2,14.5,2,8,81028.63
15904,M,42,5,1,9,4,7,41517.46
24102,M,33,4,0,7,1,0,19499.01
31018,F,48,3,2,12,3,10,20913.58
12349,M,35,3,1,11.5,2,6,28778.41
11254,F,23,5,1,11.5,1,10,41317.95
27165,M,48,5,0,12,2,7,33515.84
696,M,38,4,2,9,3,9,30477.71
19374,M,58,4,1,12,3,8,47931.79
8824,M,39,2,0,9,3,6,19692.49
6428,M,31,4,2,9,2,7,31853.99
17566,F,48,2,1,14,4,7,41497.63
29802,F,32,1,0,16,4,3,50805.48
28354,M,40,4,2,14,3,7,55228.3
27714,M,61,2,0,10.5,3,10,41577.2
5033,F,49,2,0,12,1,8,28235.64
13838,F,32,2,0,14,2,8,60101.32
28847,M,35,3,1,10.5,3,7,36216.47
3715,M,36,2,0,9,2,6,19003.29
24791,F,44,4,1,10.5,2,8,21456.34
2217,M,47,2,0,12,2,10,29065.95
20933,F,52,5,0,11.5,2,8,19594.3
7512,M,31,2,0,11.5,2,7,49601.22
31757,M,35,3,1,9,2,8,31892.06
4736,M,33,2,0,9,2,7,18820.89
8007,M,35,3,1,10.5,3,6,26497.72
2137,M,31,2,0,10.5,2,9,26784.3
6470,F,24,2,0,13.5,2,7,31485.44
29009,F,32,2,0,12,3,8,83184.29
25805,M,32,2,0,12,1,10,23566.25
7646,M,31,2,0,12,2,7,16533.41
17798,M,46,1,0,10.5,2,8,25635.35
17461,F,34,2,0,9,3,8,26156.59
31240,F,36,2,0,9,3,8,20607.89
13126,M,45,8,6,9,4,10,28748.14
12961,M,42,8,6,12,2,5,25014.81
11384,F,52,3,0,9,3,9,38372.68
26937,M,21,5,2,12,1,9,19280.11
16425,M,38,3,1,18,3,7,71094.62
28304,M,55,3,0,10.5,2,8,23856.47
9425,M,34,3,1,10.5,3,7,11095.97
25052,F,49,3,0,12,2,9,24747.65
8457,F,33,5,3,9,2,8,21520.71
22574,M,28,2,0,9,2,9,35412.09
28191,M,32,2,0,10.5,1,8,27134.87
24240,M,38,4,2,9,2,8,35281.8
5360,M,47,2,0,10.5,2,6,33915.67
6575,F,36,1,0,12,1,8,46277.77
5298,F,38,1,0,12,2,9,54573.85
750,M,39,3,1,10.5,2,8,43265.26
14944,M,38,4,2,15,1,7,79234.09
27867,F,42,3,1,9,2,9,5258.68
14374,M,36,1,0,9,2,6,44274.32
11478,M,36,4,2,10.5,2,9,27625.4
10175,M,37,5,3,7,2,10,24998.04
10948,M,31,6,4,10,1,9,37567.01
19019,M,51,3,1,9,2,8,38277.91
12598,M,35,1,0,11,1,10,30791.47
11676,M,45,3,1,12,2,9,27552.54
3171,M,28,1,0,10.5,2,9,21544.81
9668,M,41,2,0,10.5,1,8,28233.58
15375,F,46,2,0,12,2,8,37467.6
30950,M,35,5,3,10.5,2,8,36249.91
2019,M,40,1,0,10.5,2,6,17255.23
11410,M,34,4,2,9,2,8,28603.59
13819,M,31,2,0,9,2,4,15380.27
26086,F,37,3,1,14,1,7,32284.53
25778,M,36,3,1,10.5,4,7,36175.11
25191,M,35,4,2,10.5,2,7,27944.02
27482,F,32,4,2,14,2,10,46992.99
11446,M,45,2,1,9,1,8,34964.72
11942,M,37,3,1,12,1,10,82347.02
17549,F,38,3,1,12,2,9,23669.09
6450,M,49,5,2,18,2,8,63678.06
8026,M,35,2,0,12,1,9,78935.72
25797,F,30,2,0,12,4,5,11688.21
6496,M,38,2,0,14,2,7,58131.81
12375,F,56,3,0,10.5,2,8,19164.53
25599,M,31,3,1,12,2,9,29253.8
26029,M,33,2,0,12,2,9,36597.87
15074,M,36,4,2,10.5,1,7,26285.51
12250,M,29,3,1,9,2,5,38660.01
13569,M,51,3,1,10.5,2,8,44291.59
25268,F,30,1,0,12,2,9,32760.51
3992,M,35,2,0,16,2,7,33587.46
15232,M,55,2,0,11.5,2,9,37109.83
17624,F,22,3,0,11.5,1,8,12635.9
10771,F,34,3,1,15,2,8,42849.89
25091,M,27,2,0,16,2,9,19934.26
16598,M,27,2,0,11.5,2,9,25673.24
